{"Afmhot": [[0.0, 0.0, 0.0], [0.219607, 0.0, 0.0], [0.439215, 0.0, 0.0], [0.666666, 0.166666, 0.0], [0.886274, 0.386274, 0.0], [1.0, 0.613725, 0.113725], [1.0, 0.833333, 0.333333], [1.0, 1.0, 0.560784], [1.0, 1.0, 0.780392], [1.0, 1.0, 1.0]], "Autumn": [[1.0, 0.0, 0.0], [1.0, 0.109803, 0.0], [1.0, 0.219607, 0.0], [1.0, 0.333333, 0.0], [1.0, 0.443137, 0.0], [1.0, 0.556862, 0.0], [1.0, 0.666666, 0.0], [1.0, 0.780392, 0.0], [1.0, 0.890196, 0.0], [1.0, 1.0, 0.0]], "Binary": [[1.0, 1.0, 1.0], [0.890196, 0.890196, 0.890196], [0.780392, 0.780392, 0.780392], [0.666666, 0.666666, 0.666666], [0.556862, 0.556862, 0.556862], [0.443137, 0.443137, 0.443137], [0.333333, 0.333333, 0.333333], [0.219607, 0.219607, 0.219607], [0.109803, 0.109803, 0.109803], [0.0, 0.0, 0.0]], "Bone": [[0.0, 0.0, 0.0], [0.096078, 0.096078, 0.133674], [0.192156, 0.192156, 0.267348], [0.291666, 0.291666, 0.405797], [0.387745, 0.413357, 0.512744], [0.487254, 0.550183, 0.612254], [0.583333, 0.682291, 0.708333], [0.699754, 0.807843, 0.807843], [0.849877, 0.903921, 0.903921], [1.0, 1.0, 1.0]], "Brg": [[0.0, 0.0, 1.0], [0.219607, 0.0, 0.780392], [0.439215, 0.0, 0.560784], [0.666666, 0.0, 0.333333], [0.886274, 0.0, 0.113725], [0.886274, 0.113725, 0.0], [0.666666, 0.333333, 0.0], [0.439215, 0.560784, 0.0], [0.219607, 0.780392, 0.0], [0.0, 1.0, 0.0]], "Bwr": [[0.0, 0.0, 1.0], [0.219607, 0.219607, 1.0], [0.439215, 0.439215, 1.0], [0.666666, 0.666666, 1.0], [0.886274, 0.886274, 1.0], [1.0, 0.886274, 0.886274], [1.0, 0.666666, 0.666666], [1.0, 0.439215, 0.439215], [1.0, 0.219607, 0.219607], [1.0, 0.0, 0.0]], "Cividis": [[0.0, 0.135112, 0.304751], [0.068968, 0.209372, 0.438863], [0.230871, 0.286134, 0.423498], [0.342246, 0.364939, 0.428559], [0.438504, 0.44258, 0.452341], [0.540307, 0.526005, 0.472163], [0.648222, 0.610553, 0.454801], [0.765223, 0.703705, 0.410587], [0.88372, 0.800258, 0.332599], [0.995737, 0.909344, 0.217772]], "CMRmap": [[0.0, 0.0, 0.0], [0.131764, 0.131764, 0.439215], [0.263529, 0.15, 0.689215], [0.5, 0.183333, 0.583333], [0.818039, 0.227254, 0.309215], [0.954509, 0.363725, 0.081764], [0.9, 0.583333, 0.033333], [0.9, 0.78647, 0.197254], [0.912156, 0.912156, 0.560784], [1.0, 1.0, 1.0]], "Cool": [[0.0, 1.0, 1.0], [0.109803, 0.890196, 1.0], [0.219607, 0.780392, 1.0], [0.333333, 0.666666, 1.0], [0.443137, 0.556862, 1.0], [0.556862, 0.443137, 1.0], [0.666666, 0.333333, 1.0], [0.780392, 0.219607, 1.0], [0.890196, 0.109803, 1.0], [1.0, 0.0, 1.0]], "Coolwarm": [[0.229805, 0.298717, 0.753683], [0.36346, 0.484783, 0.901018], [0.510823, 0.649396, 0.985078], [0.667252, 0.779176, 0.992959], [0.804964, 0.851666, 0.926165], [0.919375, 0.831272, 0.782873], [0.968203, 0.720844, 0.612292], [0.944054, 0.553153, 0.435548], [0.852378, 0.346491, 0.280346], [0.705673, 0.015556, 0.150232]], "Copper": [[0.0, 0.0, 0.0], [0.13564, 0.085778, 0.054627], [0.27128, 0.171557, 0.109254], [0.411764, 0.260399, 0.165833], [0.547404, 0.346178, 0.22046], [0.687889, 0.435021, 0.277039], [0.823529, 0.520799, 0.331666], [0.964013, 0.609642, 0.388245], [1.0, 0.695421, 0.442872], [1.0, 0.7812, 0.4975]], "Cubehelix": [[0.0, 0.0, 0.0], [0.103614, 0.094974, 0.206221], [0.082593, 0.272848, 0.30772], [0.170042, 0.436797, 0.223725], [0.458761, 0.480573, 0.199727], [0.757669, 0.476964, 0.437755], [0.829957, 0.563202, 0.776274], [0.763897, 0.757268, 0.949402], [0.810654, 0.921844, 0.937375], [1.0, 1.0, 1.0]], "Flag": [[1.0, 0.0, 0.0], [0.0, 0.0, 0.042513], [0.123001, 0.255842, 1.0], [1.0, 1.0, 1.0], [0.957486, 0.0, 0.0], [0.042513, 0.0, 0.0], [0.0, 0.0, 1.0], [0.876998, 0.966718, 1.0], [1.0, 0.128999, 0.042513], [0.0, 0.0, 0.0]], "GistEarth": [[0.0, 0.0, 0.0], [0.073176, 0.189308, 0.469112], [0.146353, 0.402761, 0.489017], [0.212222, 0.53132, 0.438052], [0.264012, 0.594531, 0.303642], [0.484865, 0.655172, 0.324217], [0.665931, 0.703351, 0.358921], [0.752036, 0.645943, 0.394864], [0.869383, 0.732294, 0.655535], [0.9922, 0.9843, 0.9843]], "GistHeat": [[0.0, 0.0, 0.0], [0.164705, 0.0, 0.0], [0.329411, 0.0, 0.0], [0.5, 0.0, 0.0], [0.664705, 0.0, 0.0], [0.835294, 0.113725, 0.0], [1.0, 0.333333, 0.0], [1.0, 0.560784, 0.121568], [1.0, 0.780392, 0.560784], [1.0, 1.0, 1.0]], "GistNcar": [[0.0, 0.0, 0.502], [0.0, 0.055129, 1.0], [0.0, 0.998222, 0.897017], [0.14987, 0.940799, 0.0], [0.589669, 1.0, 0.109282], [1.0, 0.913031, 0.0], [1.0, 0.440385, 0.021972], [1.0, 0.0, 0.764355], [0.877243, 0.453844, 0.943467], [0.9961, 0.9725, 0.9961]], "GistRainbow": [[1.0, 0.0, 0.16], [1.0, 0.431372, 0.0], [0.975092, 1.0, 0.0], [0.36036, 1.0, 0.0], [0.0, 1.0, 0.23192], [0.0, 1.0, 0.843348], [0.0, 0.561594, 1.0], [0.056479, 0.0, 1.0], [0.653239, 0.0, 1.0], [1.0, 0.0, 0.75]], "GistStern": [[0.0, 0.0, 0.0], [0.725467, 0.109803, 0.219607], [0.178416, 0.219607, 0.439215], [0.333333, 0.333333, 0.666666], [0.443137, 0.443137, 0.886274], [0.556862, 0.556862, 0.75803], [0.666666, 0.666666, 0.29078], [0.780392, 0.780392, 0.171291], [0.890196, 0.890196, 0.585645], [1.0, 1.0, 1.0]], "Gnuplot": [[0.0, 0.0, 0.0], [0.331366, 0.001323, 0.636474], [0.468623, 0.010591, 0.981822], [0.57735, 0.037037, 0.866025], [0.665685, 0.087019, 0.349726], [0.746232, 0.17268, 0.0], [0.816496, 0.296296, 0.0], [0.883398, 0.475268, 0.0], [0.943502, 0.705435, 0.0], [1.0, 1.0, 0.0]], "Gnuplot2": [[0.0, 0.0, 0.0], [0.0, 0.0, 0.439215], [0.0, 0.0, 0.878431], [0.260415, 0.0, 1.0], [0.603553, 0.046274, 0.953725], [0.958946, 0.273725, 0.726274], [1.0, 0.493333, 0.506665], [1.0, 0.720784, 0.279215], [1.0, 0.940392, 0.059607], [1.0, 1.0, 1.0]], "Grays": [[1.0, 1.0, 1.0], [0.948327, 0.948327, 0.948327], [0.87291, 0.87291, 0.87291], [0.777777, 0.777777, 0.777777], [0.657808, 0.657808, 0.657808], [0.525797, 0.525797, 0.525797], [0.407843, 0.407843, 0.407843], [0.278662, 0.278662, 0.278662], [0.127456, 0.127456, 0.127456], [0.0, 0.0, 0.0]], "Hsv": [[1.0, 0.0, 0.0], [1.0, 0.64853, 0.0], [0.702939, 1.0, 0.0], [0.031249, 1.0, 1e-06], [0.0, 1.0, 0.617278], [0.0, 0.711032, 1.0], [0.0, 0.062501, 1.0], [0.609189, 0.0, 1.0], [1.0, 0.0, 0.74228], [1.0, 0.0, 0.09375]], "Inferno": [[0.001462, 0.000466, 0.013866], [0.104551, 0.047008, 0.25343], [0.290763, 0.045644, 0.418637], [0.472328, 0.110547, 0.428334], [0.64626, 0.173914, 0.378359], [0.812239, 0.266786, 0.274661], [0.929644, 0.411479, 0.145367], [0.985315, 0.608422, 0.024202], [0.969783, 0.820825, 0.238686], [0.988362, 0.998364, 0.644924]], "Magma": [[0.001462, 0.000466, 0.013866], [0.092949, 0.059904, 0.239164], [0.265447, 0.060237, 0.46184], [0.445163, 0.122724, 0.506901], [0.620005, 0.18384, 0.497524], [0.804752, 0.249911, 0.442102], [0.944006, 0.377643, 0.365136], [0.992196, 0.587502, 0.406299], [0.996369, 0.791167, 0.553499], [0.987053, 0.991438, 0.749504]], "NipySpectral": [[0.0, 0.0, 0.0], [0.428731, 0.0, 0.613078], [0.0, 0.183019, 0.8667], [0.0, 0.644466, 0.733366], [0.0, 0.609154, 0.073198], [0.0, 0.884996, 0.0], [0.799966, 0.977766, 0.0], [1.0, 0.678431, 0.0], [0.892837, 0.0, 0.0], [0.8, 0.8, 0.8]], "Ocean": [[0.0, 0.5, 0.0], [0.0, 0.335294, 0.109803], [0.0, 0.170588, 0.219607], [0.0, 0.0, 0.333333], [0.0, 0.164705, 0.443137], [0.0, 0.335294, 0.556862], [0.0, 0.5, 0.666666], [0.341176, 0.670588, 0.780392], [0.670588, 0.835294, 0.890196], [1.0, 1.0, 1.0]], "Pink": [[0.1178, 0.0, 0.0], [0.427906, 0.270503, 0.270503], [0.593626, 0.382594, 0.382594], [0.726483, 0.471405, 0.471405], [0.79294, 0.60307, 0.543523], [0.839387, 0.734187, 0.609291], [0.881916, 0.841624, 0.666666], [0.923899, 0.923899, 0.751864], [0.962701, 0.962701, 0.884678], [1.0, 1.0, 1.0]], "Plasma": [[0.050383, 0.029803, 0.527975], [0.274191, 0.012109, 0.622722], [0.447714, 0.00208, 0.66024], [0.610667, 0.090204, 0.619951], [0.740143, 0.213864, 0.524216], [0.846788, 0.342551, 0.420579], [0.928329, 0.472975, 0.326067], [0.983041, 0.624131, 0.227937], [0.991209, 0.790537, 0.149377], [0.940015, 0.975158, 0.131326]],